Competitor,NAME,URL,PART_NUMBER,PRICE,INVENTORY
American Horsepower,American Horsepower - (15-23 GT EB) matte black - DRAKE muscle cars strut bar with Running Pony use,https://american-horsepower.de/en/15-23-gt-eb-matte-black-drake-muscle-cars-strut-bar-with-running-pony-use-stb108-drake-muscle-cars-buy-cheap-now-at-american-horsepower-stb108,AH-SP_02665,€438.90*,
American Horsepower,American Horsepower - 10+ Style 5.0 Emblem black glossy (10-14 GT),https://american-horsepower.de/en/10-style-5.0-emblem-black-glossy-10-14-gt-ohne-buy-cheap-now-at-american-horsepower,AH-SP_03169,€28.90*,
American Horsepower,American Horsepower - 10+ Style 5.0 Emblem black matte (10-14 GT),https://american-horsepower.de/en/10-style-5.0-emblem-black-matte-10-14-gt-ford-buy-cheap-now-at-american-horsepower,AH-SP_02573,€28.90*,
American Horsepower,American Horsepower - 12.1-inch screen Tesla Style Navigation GPS Radio Android 6.0 (14-18 RAM 1500),https://american-horsepower.de/en/12.1-inch-screen-tesla-style-navigation-gps-radio-android-6.0-14-18-ram-1500-ohne-buy-cheap-now-at-american-horsepower,AH-SP_02711,€908.90*,
American Horsepower,American Horsepower - 12.1-inch screen Tesla Style Navigation GPS Radio Android 8.1 (10-14 All),https://american-horsepower.de/en/12.1-inch-screen-tesla-style-navigation-gps-radio-android-8.1-10-14-all-ohne-buy-cheap-now-at-american-horsepower,AH-SP_02227,€908.90*,
American Horsepower,American Horsepower - 12.1-inch screen Tesla Style Navigation GPS Radio Android 8.1 (15-23 All),https://american-horsepower.de/en/12.1-inch-screen-tesla-style-navigation-gps-radio-android-8.1-15-23-all-ohne-buy-cheap-now-at-american-horsepower,AH-SP_02505,€918.90*,
American Horsepower,American Horsepower - 14 inch adapter bracket for rear brake discs (05-14 All),https://american-horsepower.de/en/14-inch-adapter-bracket-for-rear-brake-discs-05-14-all-ohne-buy-cheap-now-at-american-horsepower,AH-SP_02919,€208.90*,
American Horsepower,"American Horsepower - 14 inch brake system Brembo (05-14 GT, V6)",https://american-horsepower.de/en/14-inch-brake-system-brembo-05-14-gt-v6-m-2300-s-ford-performance-buy-cheap-now-at-american-horsepower-m-2300-s,AH-SP_00001,"€1,978.90*",
American Horsepower,American Horsepower - 15+ Style 3.7 Emblem black matte (15-23 V6),https://american-horsepower.de/en/15-style-3.7-emblem-black-matte-15-23-v6-ford-buy-cheap-now-at-american-horsepower,AH-SP_02574,€28.90*,
American Horsepower,American Horsepower - 15+ Style 5.0 Emblem black glossy (15-23 GT),https://american-horsepower.de/en/15-style-5.0-emblem-black-glossy-15-23-gt-ford-buy-cheap-now-at-american-horsepower,AH-SP_02572,€28.90*,
American Horsepower,American Horsepower - 15+ Style 5.0 Emblem black matte (15-23 GT),https://american-horsepower.de/en/15-style-5.0-emblem-black-matte-15-23-gt-ford-buy-cheap-now-at-american-horsepower,AH-SP_02571,€28.90*,
American Horsepower,American Horsepower - 2-color digital display fuel pressure - electric - Blue / Red (79-23 All),https://american-horsepower.de/en/2-color-digital-display-fuel-pressure-electric-blue-/-red-79-23-all-387159-ohne-buy-cheap-now-at-american-horsepower-387159,AH-SP_01971,€198.90*,
American Horsepower,American Horsepower - 2-color digital fuel pressure gauge - electric - Green / White (79-23 All),https://american-horsepower.de/en/2-color-digital-fuel-pressure-gauge-electric-green-/-white-79-23-all-387167-ohne-buy-cheap-now-at-american-horsepower-387167,AH-SP_01973,€198.90*,
American Horsepower,American Horsepower - 2-color oil pressure digital display - electric - Blue / Red (79-23 All),https://american-horsepower.de/en/2-color-oil-pressure-digital-display-electric-blue-/-red-79-23-all-387154-ohne-buy-cheap-now-at-american-horsepower-387154,AH-SP_01972,€198.90*,
American Horsepower,American Horsepower - 2-color oil pressure digital display - electric - Green / White (79-23 All),https://american-horsepower.de/en/2-color-oil-pressure-digital-display-electric-green-/-white-79-23-all-387162-ohne-buy-cheap-now-at-american-horsepower-387162,AH-SP_01974,€188.90*,
American Horsepower,"American Horsepower - 3 pieces strut brace - black (15-23 GT, V6)",https://american-horsepower.de/en/3-pieces-strut-brace-black-15-23-gt-v6-ohne-buy-cheap-now-at-american-horsepower,AH-SP_03202,€348.90*,
American Horsepower,American Horsepower - 3-Post Custom rear spoiler - unpainted (15-17 Cabrio),https://american-horsepower.de/en/3-post-custom-rear-spoiler-unpainted-15-17-cabrio-ohne-buy-cheap-now-at-american-horsepower,AH-SP_02449,€458.90*,
American Horsepower,American Horsepower - 3dCarbon dual exhaust rear aprons (05-09 V6),https://american-horsepower.de/en/3dcarbon-dual-exhaust-rear-aprons-05-09-v6-691566-ohne-buy-cheap-now-at-american-horsepower-691566,AH-SP_00115,€458.90*,
American Horsepower,American Horsepower - 3dCarbon fender vent Fender Vents - unpainted (10-14 All),https://american-horsepower.de/en/3dcarbon-fender-vent-fender-vents-unpainted-10-14-all-691618-3dcarbon-buy-cheap-now-at-american-horsepower-691618,AH-SP_00457,€469.00*,
American Horsepower,American Horsepower - 3dCarbon rear spoiler GT500 Style - Unpainted (10-14 All),https://american-horsepower.de/en/3dcarbon-rear-spoiler-gt500-style-unpainted-10-14-all-rs10-3dcarbon-buy-cheap-now-at-american-horsepower-rs10,AH-SP_02514,€438.90*,
American Horsepower,American Horsepower - 3dCarbon Type II Window Covering Scoops - Unpainted (10-14 All),https://american-horsepower.de/en/3dcarbon-type-ii-window-covering-scoops-unpainted-10-14-all-691629-3dcarbon-buy-cheap-now-at-american-horsepower-691629,AH-SP_00420,€228.90*,
American Horsepower,American Horsepower - 4-button folding key - FlipKey - Spare (07-14 All),https://american-horsepower.de/en/4-button-folding-key-flipkey-spare-07-14-all-ohne-buy-cheap-now-at-american-horsepower,AH-SP_02138,€99.00*,
American Horsepower,American Horsepower - 4-button replacement key (07-14 All),https://american-horsepower.de/en/4-button-replacement-key-07-14-all-ohne-buy-cheap-now-at-american-horsepower,AH-SP_02142,€98.90*,
American Horsepower,American Horsepower - 4-channel Class D amplifier Full Range (15-23 All),https://american-horsepower.de/en/4-channel-class-d-amplifier-full-range-15-23-all-393855-ohne-buy-cheap-now-at-american-horsepower-393855,AH-SP_02036,€298.90*,
American Horsepower,American Horsepower - 45th Anniversary Edition driver's side fender emblem,https://american-horsepower.de/en/45th-anniversary-edition-driver-s-side-fender-emblem-9r3z-16098-b-ohne-buy-cheap-now-at-american-horsepower-9r3z-16098-b,AH-SP_02467,€58.90*,
American Horsepower,American Horsepower - 45th Anniversary Edition passenger side fender emblem,https://american-horsepower.de/en/45th-anniversary-edition-passenger-side-fender-emblem-9r3z-16098-a-ohne-buy-cheap-now-at-american-horsepower-9r3z-16098-a,AH-SP_02468,€58.90*,
American Horsepower,American Horsepower - 5.0 COYOTE Emblem,https://american-horsepower.de/en/5.0-coyote-emblem-4l3z16720aa-ohne-buy-cheap-now-at-american-horsepower-4l3z16720aa,AH-SP_02132,€44.90*,
American Horsepower,American Horsepower - 52mm black meter Mount (79-23 All),https://american-horsepower.de/en/52mm-black-meter-mount-79-23-all-387201-prosport-buy-cheap-now-at-american-horsepower-387201,AH-SP_01991,€58.90*,
American Horsepower,American Horsepower - 52mm gauge mounting bracket (79-23 All),https://american-horsepower.de/en/52mm-gauge-mounting-bracket-79-23-all-387200-auto-meter-buy-cheap-now-at-american-horsepower-387200,AH-SP_01993,€78.90*,
American Horsepower,American Horsepower - 52mm Performance & Evo series mounting bracket (79-23 All),https://american-horsepower.de/en/52mm-performance-evo-series-mounting-bracket-79-23-all-387199-auto-meter-buy-cheap-now-at-american-horsepower-387199,AH-SP_01992,€78.90*,
American Horsepower,"American Horsepower - 5th To 6th Gen ZL1 Front Bumper Kit (CAMARO 14-15 LT, SS)",https://american-horsepower.de/en/5th-to-6th-gen-zl1-front-bumper-kit-camaro-14-15-lt-ss-ikon-motorsports-buy-cheap-now-at-american-horsepower,AH-SP_03053,€999.00*,
American Horsepower,American Horsepower - 5x7 in. C2-570 Coaxial (15-23 All),https://american-horsepower.de/en/5x7-in.-c2-570-coaxial-15-23-all-393854-ohne-buy-cheap-now-at-american-horsepower-393854,AH-SP_02034,€348.90*,
American Horsepower,"American Horsepower - 7-teiliges Set zum Entfernen von Panels, Radio, Türverkleidung (05-23 All)",https://american-horsepower.de/en/7-teiliges-set-zum-entfernen-von-panels-radio-tuerverkleidung-05-23-all-ohne-buy-cheap-now-at-american-horsepower,AH-SP_03197,€44.90*,
American Horsepower,American Horsepower - 8 inch black fixed antenna (05-09 All),https://american-horsepower.de/en/8-inch-black-fixed-antenna-05-09-all-8-musa-ohne-buy-cheap-now-at-american-horsepower-8-musa,AH-SP_02080,€49.00*,
American Horsepower,"American Horsepower - A/C Compressor (11-19 GT, GT350)",https://american-horsepower.de/en/a/c-compressor-11-19-gt-gt350-br3z19703b-fr3z19703b-fr3z19703l-ohne-buy-cheap-now-at-american-horsepower-br3z19703b-fr3z19703b-fr3z19703l,AH-SP_03228,€579.00*,
American Horsepower,American Horsepower - Abbes fender attachment - Unpainted (15-23 All),https://american-horsepower.de/en/abbes-fender-attachment-unpainted-15-23-all-fm-07l-r-abbes-buy-cheap-now-at-american-horsepower-fm-07l-r,AH-SP_02292,€658.90*,
American Horsepower,American Horsepower - Abbes front bumper extension (15-17 All),https://american-horsepower.de/en/abbes-front-bumper-extension-15-17-all-fm-01-abbes-buy-cheap-now-at-american-horsepower-fm-01,AH-SP_02284,€738.90*,
American Horsepower,American Horsepower - Abbes front bumper with splitter approach (18-23 All),https://american-horsepower.de/en/abbes-front-bumper-with-splitter-approach-18-23-all-fm-fl-01-abbes-buy-cheap-now-at-american-horsepower-fm-fl-01,AH-SP_02290,€868.90*,
American Horsepower,American Horsepower - Abbes front splitter (15-17 All),https://american-horsepower.de/en/abbes-front-splitter-15-17-all-fm-01-fsp-abbes-buy-cheap-now-at-american-horsepower-fm-01-fsp,AH-SP_02285,€268.90*,
American Horsepower,American Horsepower - Abbes Heckschürzenansatz left and right (15-17 All),https://american-horsepower.de/en/abbes-heckschuerzenansatz-left-and-right-15-17-all-fm-06l-06r-abbes-buy-cheap-now-at-american-horsepower-fm-06l-06r,AH-SP_02283,€438.90*,
American Horsepower,American Horsepower - Abbes hood ventilation - Couple (15-17 All),https://american-horsepower.de/en/abbes-hood-ventilation-couple-15-17-all-fm-08-abbes-buy-cheap-now-at-american-horsepower-fm-08,AH-SP_02287,€228.90*,
American Horsepower,American Horsepower - Abbes hood ventilation 2018er design - Couple (15-23 All),https://american-horsepower.de/en/abbes-hood-ventilation-2018er-design-couple-15-23-all-fm-fl-abbes-buy-cheap-now-at-american-horsepower-fm-fl,AH-SP_02288,€298.90*,
American Horsepower,American Horsepower - Abbes rear diffuser (18-19 All),https://american-horsepower.de/en/abbes-rear-diffuser-18-19-all-fm-08-04-abbes-buy-cheap-now-at-american-horsepower-fm-08-04,AH-SP_02280,€568.90*,
American Horsepower,American Horsepower - Abbes rear diffuser fins 6 Design (15-17 All),https://american-horsepower.de/en/abbes-rear-diffuser-fins-6-design-15-17-all-fm-04-abbes-buy-cheap-now-at-american-horsepower-fm-04,AH-SP_02279,€478.90*,
American Horsepower,American Horsepower - Abbes rear spoiler - Unpainted (15-23 All),https://american-horsepower.de/en/abbes-rear-spoiler-unpainted-15-23-all-fm-05-abbes-buy-cheap-now-at-american-horsepower-fm-05,AH-SP_02277,€868.90*,
American Horsepower,American Horsepower - Abbes rear spoiler Big Wing GT350R Style - Unpainted (15-23 All),https://american-horsepower.de/en/abbes-rear-spoiler-big-wing-gt350r-style-unpainted-15-23-all-fm-05-big-wing-abbes-buy-cheap-now-at-american-horsepower-fm-05-big-wing,AH-SP_02513,"€1,588.90*",
American Horsepower,American Horsepower - Abbes rear spoiler Coupe / Cabriolet - Unpainted (15-23 All),https://american-horsepower.de/en/abbes-rear-spoiler-coupe-/-cabriolet-unpainted-15-23-all-fm-05-coupe-cab-abbes-buy-cheap-now-at-american-horsepower-fm-05-coupe-cab,AH-SP_02276,€738.90*,
American Horsepower,American Horsepower - Abbes rear spoiler R - Unpainted (15-23 All),https://american-horsepower.de/en/abbes-rear-spoiler-r-unpainted-15-23-all-fm-05-r-abbes-buy-cheap-now-at-american-horsepower-fm-05-r,AH-SP_02275,"€2,328.90*",
American Horsepower,American Horsepower - Abbes rear spoiler S - Unpainted (15-23 All),https://american-horsepower.de/en/abbes-rear-spoiler-s-unpainted-15-23-all-fm-05-s-abbes-buy-cheap-now-at-american-horsepower-fm-05-s,AH-SP_02278,€698.90*,
American Horsepower,American Horsepower - Abbes Side Scoops - Unpainted (15-23 All),https://american-horsepower.de/en/abbes-side-scoops-unpainted-15-23-all-fm-lh-rh-abbes-buy-cheap-now-at-american-horsepower-fm-lh-rh,AH-SP_02289,€678.90*,
American Horsepower,American Horsepower - Abbes side skirts with mesh - Unpainted (15-17 All),https://american-horsepower.de/en/abbes-side-skirts-with-mesh-unpainted-15-17-all-fm-02l-/-02r-abbes-buy-cheap-now-at-american-horsepower-fm-02l-/-02r,AH-SP_02281,€798.90*,
American Horsepower,American Horsepower - Abbes side skirts with top - Rocker Splitter - Unpainted (15-23 All),https://american-horsepower.de/en/abbes-side-skirts-with-top-rocker-splitter-unpainted-15-23-all-fm-02l-/-02r-abbes-buy-cheap-now-at-american-horsepower-fm-02l-/-02r,AH-SP_02282,"€1,028.90*",
American Horsepower,American Horsepower - Abbes upper grill - paintable (15-17 All),https://american-horsepower.de/en/abbes-upper-grill-paintable-15-17-all-fm-03-abbes-buy-cheap-now-at-american-horsepower-fm-03,AH-SP_02286,€458.90*,
American Horsepower,American Horsepower - Abbes upper grille inserts 2018er design - paintable (18-23 All),https://american-horsepower.de/en/abbes-upper-grille-inserts-2018er-design-paintable-18-23-all-fm-fl-01l-r-abbes-buy-cheap-now-at-american-horsepower-fm-fl-01l-r,AH-SP_02291,€408.90*,
American Horsepower,American Horsepower - ABS jacking pucks (Corvette C8),https://american-horsepower.de/en/abs-jacking-pucks-corvette-c8-ohne-buy-cheap-now-at-american-horsepower,AH-SP_03385,€99.00*,
American Horsepower,American Horsepower - ACC Brushed speaker surrounds (15-23 All),https://american-horsepower.de/en/acc-brushed-speaker-surrounds-15-23-all-271043-acc-buy-cheap-now-at-american-horsepower-271043,AH-SP_02026,€88.90*,
American Horsepower,American Horsepower - ACC polished speaker surrounds (15-23 All),https://american-horsepower.de/en/acc-polished-speaker-surrounds-15-23-all-271044-acc-buy-cheap-now-at-american-horsepower-271044,AH-SP_02025,€88.90*,
American Horsepower,American Horsepower - ACC stainless steel American flag emblem - brushed with a thin red line (79-23 All),https://american-horsepower.de/en/acc-stainless-steel-american-flag-emblem-brushed-with-a-thin-red-line-79-23-all-142023-acc-buy-cheap-now-at-american-horsepower-142023,AH-SP_01302,€78.90*,
American Horsepower,American Horsepower - ACC stainless steel American flag emblem - brushed with thin blue line (79-23 All),https://american-horsepower.de/en/acc-stainless-steel-american-flag-emblem-brushed-with-thin-blue-line-79-23-all-142022-acc-buy-cheap-now-at-american-horsepower-142022,AH-SP_01301,€78.90*,
American Horsepower,American Horsepower - ACC stainless steel American flag emblem - polished (79-23 All),https://american-horsepower.de/en/acc-stainless-steel-american-flag-emblem-polished-79-23-all-142017-acc-buy-cheap-now-at-american-horsepower-142017,AH-SP_01303,€78.90*,
American Horsepower,American Horsepower - ACC stainless steel flag emblem - polished with thin red line (79-23 All),https://american-horsepower.de/en/acc-stainless-steel-flag-emblem-polished-with-thin-red-line-79-23-all-142019-acc-buy-cheap-now-at-american-horsepower-142019,AH-SP_01304,€78.90*,
American Horsepower,American Horsepower - Accel Super Coil on Plug Kit - yellow (11-17 V6),https://american-horsepower.de/en/accel-super-coil-on-plug-kit-yellow-11-17-v6-140061-6-accel-buy-cheap-now-at-american-horsepower-140061-6,AH-SP_00878,€945.00*,
American Horsepower,"American Horsepower - AcDelco idler pulley (09-19 RAM 1500, 2500)",https://american-horsepower.de/en/acdelco-idler-pulley-09-19-ram-1500-2500-ohne-buy-cheap-now-at-american-horsepower,AH-SP_02791,€148.90*,
American Horsepower,American Horsepower - Achsgehäusedeckeldichtung (05-14 GT),https://american-horsepower.de/en/achsgehaeusedeckeldichtung-05-14-gt-rds55341-ohne-buy-cheap-now-at-american-horsepower-rds55341,AH-SP_02060,€19.90*,
American Horsepower,American Horsepower - Achsgehäusedeckeldichtung (05-14 V6),https://american-horsepower.de/en/achsgehaeusedeckeldichtung-05-14-v6-ohne-buy-cheap-now-at-american-horsepower,AH-SP_03191,€19.90*,
American Horsepower,American Horsepower - ACS Chin Spoiler/Splitter (CAMARO 14-15 SS),https://american-horsepower.de/en/acs-chin-spoiler/splitter-camaro-14-15-ss-ikon-motorsports-buy-cheap-now-at-american-horsepower,AH-SP_03057,€249.00*,
American Horsepower,"American Horsepower - Addictive Desert Design rear bumper (09-19 RAM 1500, 2500, 3500)",https://american-horsepower.de/en/addictive-desert-design-rear-bumper-09-19-ram-1500-2500-3500-r511021280103-ohne-buy-cheap-now-at-american-horsepower-r511021280103/ah-sp_02868-mit,AH-SP_02868-MIT,"€2,298.90*",
American Horsepower,American Horsepower - Adjustable BMR trailing arm A-arms - Standard ball joint - Hammerschlag (10-14 All),https://american-horsepower.de/en/adjustable-bmr-trailing-arm-a-arms-standard-ball-joint-hammerschlag-10-14-all-aa022h-bmr-buy-cheap-now-at-american-horsepower-aa022h,AH-SP_00585,€988.90*,
American Horsepower,American Horsepower - Adjustable BMR trailing arm A-arms - Standard ball joint - red (10-14 All),https://american-horsepower.de/en/adjustable-bmr-trailing-arm-a-arms-standard-ball-joint-red-10-14-all-aa022r-bmr-buy-cheap-now-at-american-horsepower-aa022r,AH-SP_00586,€988.90*,
American Horsepower,American Horsepower - adjustable Pedders Stabilizer Kit - 35mm front + 25mm HA (05-14 All),https://american-horsepower.de/en/adjustable-pedders-stabilizer-kit-35mm-front-25mm-ha-05-14-all-pedders-buy-cheap-now-at-american-horsepower,AH-SP_03243,€699.00*,
American Horsepower,American Horsepower - adjustable Pedders Stabilizer Kit - 35mm front + 25mm HA (15-23 All),https://american-horsepower.de/en/adjustable-pedders-stabilizer-kit-35mm-front-25mm-ha-15-23-all-pedders-buy-cheap-now-at-american-horsepower,AH-SP_02463,€899.00*,
American Horsepower,"American Horsepower - AEM DryFlow replacement air filter (GT 15-18, EB, V6)",https://american-horsepower.de/en/aem-dryflow-replacement-air-filter-gt-15-18-eb-v6-28-50029-aem-buy-cheap-now-at-american-horsepower-28-50029,AH-SP_01406,€139.00*,
American Horsepower,"American Horsepower - AEM Electronics 150 PSIg stainless steel sensor kit: 150 PSIg stainless steel sensor, connectors, pins & 1/8",https://american-horsepower.de/en/aem-electronics-150-psig-stainless-steel-sensor-kit-150-psig-stainless-steel-sensor-connectors-pins-1/8-30-2130-150-aem-buy-cheap-now-at-american-horsepower-30-2130-150,AH-SP_01998,€238.90*,
American Horsepower,American Horsepower - AEM Electronics CD-7 Digital CAN input Racing Dash Display (79-23 All),https://american-horsepower.de/en/aem-electronics-cd-7-digital-can-input-racing-dash-display-79-23-all-30-5500-aem-buy-cheap-now-at-american-horsepower-30-5500,AH-SP_01965,"€1,608.90*",
American Horsepower,American Horsepower - AEM suction pipe with DryFlow replacement air filter (15-17 GT),https://american-horsepower.de/en/aem-suction-pipe-with-dryflow-replacement-air-filter-15-17-gt-22-687c-aem-buy-cheap-now-at-american-horsepower-22-687c,AH-SP_01396,€498.90*,
